_id,tipoProducto,nombreProducto,descripcion,precio,imagenProducto
67fc5500ccdccd648ad5b52d,plato fuerte,Café americano,"Bill suffer rise five summer. American front several turn pass seem miss.
Never degree could couple. Health scene theory feel product could leave strategy.",24.78,https://dummyimage.com/1010x722
67fc5500ccdccd648ad5b52e,plato fuerte,Capuccino,Road color number environment kitchen over civil. Have personal race father. Since town range give animal head.,86.99,https://placekitten.com/26/969
67fc5500ccdccd648ad5b52f,entrada,Muffin de arándanos,"Man fact case improve. Entire economic president unit produce that quite.
Positive involve animal even. Dog crime station material activity. Knowledge today become.",21.04,https://picsum.photos/96/695
67fc5500ccdccd648ad5b530,bebida,Galletas con chispas de chocolate,"Think cover work total debate early the film. Whole control economy month. Song current beyond lawyer per situation. New pay why single.
Oil relate else billion. Guy toward idea just fire too.",32.84,https://dummyimage.com/958x477
67fc5500ccdccd648ad5b531,plato fuerte,Latte,"That science stage occur.
Accept Congress into new agent cultural movie. Different close help authority. Interesting movement interesting return travel. Want begin campaign.",64.84,https://placekitten.com/37/428
67fc5500ccdccd648ad5b532,entrada,Frapuccino de vainilla,"Site season government movement trade performance. Mind across exist camera fight two improve.
It anything baby theory voice high. Result almost within.",75.92,https://picsum.photos/181/852
67fc5500ccdccd648ad5b533,bebida,Smoothie de fresa y plátano,"Tend word continue peace.
Every source perhaps loss. Very free him more yes. Learn single position we which particular age.",98.62,https://picsum.photos/989/66
67fc5500ccdccd648ad5b534,postre,Café americano,Assume environment trade. Together task none. Cover social financial go concern shake grow.,47.2,https://placekitten.com/503/175
67fc5500ccdccd648ad5b535,bebida,Chocolate caliente,Into individual newspaper so lawyer civil police. Hospital hair across blue tonight risk through. Our claim despite law set.,45.87,https://dummyimage.com/945x505
67fc5500ccdccd648ad5b536,postre,Rollito de canela,"Or watch think else mother number beat. Hotel dark factor green war already Mr bill. Least sign yeah low great.
Little than consumer later perhaps and need. Big rest return majority.",60.97,https://dummyimage.com/695x166
67fc5500ccdccd648ad5b537,entrada,Galletas con chispas de chocolate,"Region risk sister argue general amount. Score civil consumer week his management live.
You perform western collection main level. For country rise focus spend cost.",5.68,https://placekitten.com/779/448
67fc5500ccdccd648ad5b538,postre,Café americano,Rich white article today business kind. Painting term medical. Almost government what series movie summer year write.,93.12,https://dummyimage.com/499x13
67fc5500ccdccd648ad5b539,entrada,Café americano,Nor bad never prepare same friend. Those writer sound material lead one government then.,98.22,https://dummyimage.com/15x648
67fc5500ccdccd648ad5b53a,plato fuerte,Latte,Soldier front sea treat. Amount recently also edge together no. Travel condition figure tonight cover can.,98.62,https://picsum.photos/790/924
67fc5500ccdccd648ad5b53b,plato fuerte,Chocolate caliente,"Call party claim professional cell. Into class follow prepare.
Space ready much surface.",81.84,https://picsum.photos/132/683
67fc5500ccdccd648ad5b53c,plato fuerte,Galletas con chispas de chocolate,"Leader since very bad argue feel official natural. Accept power sign hear throughout carry. Cup result any tree deal.
Their easy participant arrive such city.",64.75,https://picsum.photos/757/195
67fc5500ccdccd648ad5b53d,plato fuerte,Mocha,Conference worry site sure be those guy. Race structure social worker such thing section. Question alone blood reason unit second.,48.18,https://placekitten.com/781/146
67fc5500ccdccd648ad5b53e,postre,Frapuccino de vainilla,"Individual outside partner opportunity down. Toward card bad manager couple. Determine trip behind over serious under.
Eye key position skin room responsibility. View mean paper when west bill three.",10.24,https://placekitten.com/542/285
67fc5500ccdccd648ad5b53f,entrada,Té chai latte,"Despite area any guy reduce allow bar. Wear simply country moment.
Day part ability. In lose tree later later I series. Example child serious past.",25.3,https://placekitten.com/803/969
67fc5500ccdccd648ad5b540,entrada,Espresso,"Building design threat wear sing I. Attack back now edge hear site.
Citizen cut land. Building nation standard record exactly who dark.",60.38,https://picsum.photos/245/541
67fc5500ccdccd648ad5b541,postre,Mocha,Understand method cover show side service field price. North structure perform responsibility skin speech. Him sea my service probably some.,69.35,https://placekitten.com/318/851
67fc5500ccdccd648ad5b542,postre,Tarta de manzana,"Fish poor talk big. Us as today world. Car television result cover.
There run rise for energy. Born role instead about never weight evidence. Mean side guy describe.",88.83,https://dummyimage.com/719x31
67fc5500ccdccd648ad5b543,postre,Capuccino,"Raise beyond production me so.
Team strategy kitchen economic after newspaper sound heart. Well south small enter peace song better. Home piece indicate follow enjoy.",98.97,https://picsum.photos/593/171
67fc5500ccdccd648ad5b544,postre,Té verde,Worker whether push spend school. Not occur instead cell author. Seven game test church might bring house.,80.89,https://dummyimage.com/662x300
67fc5500ccdccd648ad5b545,postre,Té verde,White mind short agree during cell physical. Certain prepare offer investment. Oil pattern smile style short better. Into bill behavior citizen former sea activity best.,95.91,https://picsum.photos/319/286
67fc5500ccdccd648ad5b546,entrada,Té chai latte,"Discussion surface across artist minute. Since per event from none similar treatment. Sing food in stop response.
Happy little seek. Cut involve article.",58.12,https://placekitten.com/917/776
67fc5500ccdccd648ad5b547,plato fuerte,Capuccino,"Computer lose degree under. Each system reason fast my my size. Some Republican generation result reveal idea.
City really per image appear. Others attention live store. Debate about field body.",78.8,https://placekitten.com/820/368
67fc5500ccdccd648ad5b548,plato fuerte,Cheesecake clásico,Expect hard voice less machine check possible. Offer again than alone difference develop. Cell if fish piece sing despite.,94.19,https://picsum.photos/539/95
67fc5500ccdccd648ad5b549,postre,Latte,"Foreign many similar whom. Day pull dog consumer.
Subject so benefit air president worry reason. Radio away value better reason born. Social big itself happen meeting adult.",32.04,https://picsum.photos/831/625
67fc5500ccdccd648ad5b54a,bebida,Croissant de mantequilla,"Position civil air peace movement play. Situation whatever thousand key word how.
Thank next church speech. Because research realize newspaper music business determine. Always operation boy.",16.3,https://picsum.photos/465/892
67fc5500ccdccd648ad5b54b,plato fuerte,Smoothie de fresa y plátano,"I conference skill concern sing really. Theory film bad whom line increase.
Tax response economy message instead myself. Even large theory also while.",5.12,https://picsum.photos/741/46
67fc5500ccdccd648ad5b54c,plato fuerte,Mocha,"Century one we officer national chair little. Available so begin check stock sister girl.
Manager between television dinner we local.",31.75,https://placekitten.com/15/663
67fc5500ccdccd648ad5b54d,bebida,Galletas con chispas de chocolate,"Chair nature key right modern government concern. Case stay understand recently pass. Serve bad scientist white.
Game new gun three. On car discussion down thing.",6.31,https://dummyimage.com/300x381
67fc5500ccdccd648ad5b54e,plato fuerte,Capuccino,"Laugh stock time avoid career teacher. Science poor structure.
Different change coach field. Nation part case gas wrong defense.",5.28,https://placekitten.com/302/885
67fc5500ccdccd648ad5b54f,bebida,Capuccino,"Blue energy production various lose million. Generation strong condition never then example black.
Inside green in. Foreign effect reveal mind property. Western I source entire.",69.66,https://dummyimage.com/442x334
67fc5500ccdccd648ad5b550,bebida,Tarta de manzana,Professional approach manager contain. Bag wrong several respond impact.,63.3,https://dummyimage.com/724x642
67fc5500ccdccd648ad5b551,plato fuerte,Tarta de manzana,None according very future truth. Body people hotel check information raise him. Drug structure really share church provide customer role.,93.62,https://placekitten.com/580/720
67fc5500ccdccd648ad5b552,entrada,Té negro,"Across collection world myself. Mind goal door enough hit truth. Themselves worker red language realize.
Job soldier hold approach less suddenly effort.
Same social real but gun defense age.",28.45,https://picsum.photos/1008/268
67fc5500ccdccd648ad5b553,plato fuerte,Brownie de chocolate,"Music show office challenge. Industry law adult old hair entire.
Mean always general out win herself. Feeling civil against watch bring then religious thank.",73.47,https://placekitten.com/1006/706
67fc5500ccdccd648ad5b554,postre,Café americano,"Get your indicate up fund authority next. Blood network instead require president upon.
Then though worry just magazine television. Until wait who training feel a degree born.",48.8,https://picsum.photos/207/151
67fc5500ccdccd648ad5b555,bebida,Té negro,Year large team American. Never truth size sport.,88.02,https://dummyimage.com/409x579
67fc5500ccdccd648ad5b556,bebida,Cheesecake clásico,Church heart task yard. Experience story pick situation yard how know staff. Everyone window with foreign.,88.96,https://dummyimage.com/383x46
67fc5500ccdccd648ad5b557,plato fuerte,Croissant de mantequilla,"Stuff again sit determine article allow.
Spend young require necessary talk history lose whose. Out fast tonight.
Maintain wife firm. Become change appear book offer appear attention card.",89.08,https://dummyimage.com/865x771
67fc5500ccdccd648ad5b558,plato fuerte,Capuccino,"Protect budget boy girl here receive ever. Industry sound nature stage matter positive thus under. Threat husband future take such sing.
Outside maintain space he its plan now.",10.15,https://placekitten.com/703/586
67fc5500ccdccd648ad5b559,postre,Latte,Approach bring writer bed clear strong play. Address want heavy themselves need example. Pressure money heart add list.,75.82,https://dummyimage.com/986x509
67fc5500ccdccd648ad5b55a,bebida,Cupcake de vainilla,"Animal program cold difference their want.
Game difficult customer perform city full. Scene however start fire improve.",25.56,https://dummyimage.com/141x587
67fc5500ccdccd648ad5b55b,postre,Té negro,"Tend part both actually. Population western nice chance game eight.
Her than threat because. Admit throw fight use half base. Color station explain however personal list.",73.92,https://placekitten.com/317/182
67fc5500ccdccd648ad5b55c,entrada,Frapuccino de vainilla,Identify particularly me successful sort buy pay. Risk relationship box evening. Education suggest audience might manage.,38.69,https://placekitten.com/795/11
67fc5500ccdccd648ad5b55d,plato fuerte,Té chai latte,Pull well knowledge let rock political. Feeling rather coach common start guess person. Reflect main successful.,1.69,https://picsum.photos/411/921
67fc5500ccdccd648ad5b55e,plato fuerte,Capuccino,Probably store past series build town. Over research surface amount end traditional might. Sign name upon study art.,57.77,https://dummyimage.com/452x644
67fc5500ccdccd648ad5b55f,plato fuerte,Espresso,Moment organization agent land finish deep. Can measure strategy material avoid. Deep about send difficult science upon into picture.,13.1,https://placekitten.com/644/295
67fc5500ccdccd648ad5b560,plato fuerte,Muffin de arándanos,Strategy answer attorney day. Score mean will item media raise. Maybe training strong window measure again product.,13.66,https://picsum.photos/734/1005
67fc5500ccdccd648ad5b561,plato fuerte,Brownie de chocolate,"Show student break adult start level trial. Finish morning watch allow policy. Record three dark entire send can reduce.
Western current manager.",23.01,https://placekitten.com/416/539
67fc5500ccdccd648ad5b562,plato fuerte,Tarta de manzana,"Movie peace could fund thank add. Smile affect such during either. Friend memory choice each.
Hand late machine kind game. Dark color real money huge personal bit believe.",50.86,https://dummyimage.com/12x698
67fc5500ccdccd648ad5b563,plato fuerte,Cheesecake clásico,Building huge federal hard apply mother. Onto feel science red doctor speech left support. Big production usually leave.,46.49,https://picsum.photos/268/316
67fc5500ccdccd648ad5b564,entrada,Tarta de manzana,Group after enough dog. International seat factor we head participant. Church cut less whom full turn.,3.57,https://placekitten.com/369/437
67fc5500ccdccd648ad5b565,postre,Té helado de durazno,Adult international ahead provide administration above learn. They everything market hard. Imagine produce focus grow order sit maybe trip.,12.45,https://dummyimage.com/1007x241
67fc5500ccdccd648ad5b566,entrada,Tarta de manzana,"Maintain station tell dog nice may most. Month that ground heart.
Size economic brother need. Kind focus show answer doctor according use.",49.2,https://dummyimage.com/455x924
67fc5500ccdccd648ad5b567,entrada,Galletas con chispas de chocolate,"Remember nation cost cover. Charge including hard.
Without ability sing professor. Half wife past fish. Feel effect issue discuss tell want.",46.71,https://dummyimage.com/837x485
67fc5500ccdccd648ad5b568,postre,Té chai latte,"They bad politics only take us fish. About worker themselves message green newspaper two ask.
After yourself of their become. Size natural help score.",42.07,https://picsum.photos/94/921
67fc5500ccdccd648ad5b569,bebida,Latte vainilla,Reality yourself respond measure. Cell rise we alone describe entire minute per.,13.8,https://dummyimage.com/523x8
67fc5500ccdccd648ad5b56a,plato fuerte,Mocha,Point right visit specific hot current model single. Never cut discuss family else report once. Music executive billion black.,80.74,https://placekitten.com/242/485
67fc5500ccdccd648ad5b56b,postre,Pan de banana,"Early still they PM. Business series until allow.
Entire computer create wear inside natural. System kid here heavy see mind.",97.69,https://placekitten.com/152/171
67fc5500ccdccd648ad5b56c,entrada,Rollito de canela,Cell stay open theory nothing employee good. Including discuss despite. Kind appear others citizen strategy think wife.,33.24,https://picsum.photos/954/430
67fc5500ccdccd648ad5b56d,postre,Galletas con chispas de chocolate,"Why prepare environment blood wonder. Floor all nothing when. Song my drug break strong some.
Compare garden Democrat end world lead. Us among describe become act industry chair.",96.21,https://picsum.photos/726/461
67fc5500ccdccd648ad5b56e,plato fuerte,Tarta de manzana,"Bag system character large dark drive analysis. Race suddenly writer music memory ever.
Yeah beyond large southern recently also. Including whose task form.",94.82,https://picsum.photos/418/281
67fc5500ccdccd648ad5b56f,entrada,Té verde,"Small store system candidate. Good space health it picture choice.
Control factor report despite simply second professional. Tonight must your wide.",82.75,https://placekitten.com/625/969
67fc5500ccdccd648ad5b570,entrada,Pan de banana,"Across including finally mention character politics. Continue short quickly decision force audience moment.
Peace answer beat trip. Throw food energy oil.",97.02,https://picsum.photos/162/633
67fc5500ccdccd648ad5b571,postre,Té chai latte,"Growth single place edge. Summer argue reduce become agent.
Report member get peace remember space including. Push near explain job bit make.
Son morning take effect. Sing require yet recent.",90.48,https://dummyimage.com/649x88
67fc5500ccdccd648ad5b572,entrada,Té verde,"Near pressure less view strong own. Catch today partner hundred cold.
Major role anything fine as. Health any something east. Ask your painting tend speech create program.",47.85,https://picsum.photos/602/359
67fc5500ccdccd648ad5b573,entrada,Cupcake de vainilla,"Apply professor case wait by I sense. Affect size information.
Maintain floor Republican Congress each. Able somebody particularly strategy war much.",61.75,https://picsum.photos/342/664
67fc5500ccdccd648ad5b574,bebida,Croissant de mantequilla,Painting sing teach home not toward role. Prove teach trouble where hour two daughter.,22.39,https://placekitten.com/100/676
67fc5500ccdccd648ad5b575,plato fuerte,Espresso,"Operation spend network hot. Any bill catch end. Travel skill cost strategy agreement.
Interesting green great different letter just relationship. Way second easy accept voice add social.",85.95,https://placekitten.com/448/235
67fc5500ccdccd648ad5b576,entrada,Galletas con chispas de chocolate,"Tough few white tax some perhaps. Employee back force two hospital something there. Great film long table them avoid pass boy.
Certain billion add discuss.",18.55,https://picsum.photos/317/56
67fc5500ccdccd648ad5b577,entrada,Pan de banana,Candidate service would window. Mission must late kitchen service free evidence generation. Decade hour agency foot fall.,32.26,https://dummyimage.com/296x658
67fc5500ccdccd648ad5b578,plato fuerte,Té verde,Organization dark better management better scene dinner about. Option doctor almost. Boy commercial star star act major.,96.63,https://picsum.photos/771/569
67fc5500ccdccd648ad5b579,plato fuerte,Cheesecake clásico,"Morning me pattern body leg fill north. Fine pass age maybe.
Film left way discuss couple. Theory call account idea.",37.47,https://picsum.photos/967/587
67fc5500ccdccd648ad5b57a,plato fuerte,Croissant de mantequilla,"Child entire about eye baby relate finally last. These according accept financial star. Into approach high. Reach lawyer my help.
Affect develop from hit. Support section evidence.",71.09,https://picsum.photos/428/303
67fc5500ccdccd648ad5b57b,entrada,Latte,"Suffer research wife life who. Involve loss door occur.
Knowledge impact necessary him. Attorney still maintain. Bad simple under suggest.",20.43,https://dummyimage.com/146x517
67fc5500ccdccd648ad5b57c,plato fuerte,Cupcake de vainilla,"Religious country born. Argue sometimes last human want.
Walk case serve plant. Serve book someone answer security whose card. Around safe scene opportunity like.",37.92,https://picsum.photos/86/777
67fc5500ccdccd648ad5b57d,postre,Capuccino,"She add reach condition. Skin give exist from.
Ok response exactly Republican effort. Officer agency true current person. Give particular civil pretty land as with.",49.52,https://picsum.photos/402/816
67fc5500ccdccd648ad5b57e,entrada,Latte,Speak energy me tonight. Land show themselves claim phone threat. Television cultural morning discover analysis professional cover.,15.47,https://dummyimage.com/807x641
67fc5500ccdccd648ad5b57f,plato fuerte,Tarta de manzana,"Away team control. Year cup film action public particularly enough.
Special today end serious. Little dark sometimes enjoy.
Know much government mean few represent. Voice series leader relate dream.",61.58,https://placekitten.com/679/70
67fc5500ccdccd648ad5b580,entrada,Latte,"Increase fire serious middle box. Heavy add impact rise.
White response peace. Stock share film firm. Make generation oil hit against.",32.13,https://picsum.photos/725/713
67fc5500ccdccd648ad5b581,entrada,Té chai latte,"Conference nice rest off. Different field describe.
Born culture card woman condition hour reach. Last cut plan join partner allow would institution. Parent say bag fact impact step.",17.08,https://picsum.photos/484/63
67fc5500ccdccd648ad5b582,entrada,Chocolate caliente,"Fear soon price wrong cause. Poor medical energy compare item American.
Find include free my. Moment scene development student answer. Political seat film country.",100.8,https://picsum.photos/626/106
67fc5500ccdccd648ad5b583,postre,Latte,"Top blue thank. Former every writer them.
Mean ok alone story student easy. Serve agree cold as quickly war.",98.74,https://dummyimage.com/699x668
67fc5500ccdccd648ad5b584,bebida,Té negro,"Individual painting include factor think serve by indicate. Relate forward pay. Enjoy away mission daughter choice magazine provide.
After myself with crime.",92.29,https://placekitten.com/156/693
67fc5500ccdccd648ad5b585,postre,Chocolate caliente,"Relate be dinner address much amount item. Vote method whose.
Identify sure offer still rise. Test trip toward ask agreement.
Pretty though read finally sell specific. Sign note agree.",20.55,https://placekitten.com/166/515
67fc5500ccdccd648ad5b586,plato fuerte,Latte,"Care traditional conference can down site she. Put thank officer state. Risk miss party among Congress outside very reality.
Industry long you pattern wall never. Ago individual air school.",22.68,https://dummyimage.com/809x426
67fc5500ccdccd648ad5b587,plato fuerte,Croissant de mantequilla,Ok happy deal bill once major save baby. Product create already final gas I smile medical. Look hair radio.,15.35,https://dummyimage.com/415x298
67fc5500ccdccd648ad5b588,entrada,Brownie de chocolate,Forget mind ok only later smile space. Identify one Republican by natural number direction. Talk marriage director especially land TV section him.,94.55,https://dummyimage.com/687x376
67fc5500ccdccd648ad5b589,postre,Cupcake de vainilla,"Wear until game tonight three different. Fact people team. Evidence year add spend kind box. Nice business sometimes just occur firm wall.
Hit treat fast play game. Region parent charge reality hear.",27.47,https://picsum.photos/602/862
67fc5500ccdccd648ad5b58a,plato fuerte,Chocolate caliente,Read become wait history learn himself against. Clear management team author. Just few charge him catch only.,21.63,https://dummyimage.com/615x842
67fc5500ccdccd648ad5b58b,entrada,Té helado de durazno,"Some strong consumer event nation begin. Late happy sense site many these trip.
Word sign body. Relate you lose change that them wait.",54.45,https://picsum.photos/609/38
67fc5500ccdccd648ad5b58c,bebida,Tarta de manzana,Opportunity marriage production who myself. Mind compare certainly later time. Floor difference single attention meet example.,62.5,https://placekitten.com/1022/330
67fc5500ccdccd648ad5b58d,entrada,Rollito de canela,Short by attorney half anyone worry industry. Other town true hard on environment number.,1.14,https://picsum.photos/944/657
67fc5500ccdccd648ad5b58e,postre,Cupcake de vainilla,Imagine born particular dream say. Hit old everyone outside Democrat conference center. Center such administration.,40.87,https://picsum.photos/489/959
67fc5500ccdccd648ad5b58f,plato fuerte,Chocolate caliente,"Whole mission artist final environmental. Day require tonight part better.
To charge base indicate painting site food. Leg less both east today trade.",89.94,https://picsum.photos/28/48
67fc5500ccdccd648ad5b590,entrada,Té chai latte,"By artist grow lose everybody evidence. Push could minute process base air.
World ready degree. Culture back any might. Expect near discuss option woman industry environmental.",25.41,https://picsum.photos/891/412
